{
  "(0.0, 0.0, 0.0)": 0.32571570724477544,
  "(0.0, 0.0, 0.05)": 0.4171128525595351,
  "(0.0, 0.05, 0.0)": 0.31463113991256575,
  "(0.0, 0.05, 0.05)": 0.3510024798909667,
  "(0.1, 0.0, 0.0)": 0.2914722453722176,
  "(0.1, 0.0, 0.05)": 0.3589600188623152,
  "(0.1, 0.05, 0.0)": 0.39640387295428486,
  "(0.1, 0.05, 0.05)": 0.35488173997364425
}